{"cameraMode":{"drawMode":0,"name":"Shaded","section":"Shading Mode"},"sceneLighting":true,"audioPlay":false,"sceneViewState":{"m_AlwaysRefresh":false,"showFog":true,"showSkybox":true,"showFlares":true,"showImageEffects":true,"showParticleSystems":true,"showVisualEffectGraphs":true,"m_FxEnabled":true},"in2DMode":false,"pivot":{"x":0.06736421585083008,"y":0.13348174095153809,"z":1.491902470588684},"rotation":{"x":-0.19848018884658814,"y":-0.00529480492696166,"z":0.0010723230661824346,"w":-0.9800915122032166},"size":7.7488532066345219,"orthographic":false}